{"is_source_file": true, "format": "Python", "description": "Django ORM models definitions for the API component of the project", "external_files": ["django/db/models.py"], "external_methods": [], "published": [], "classes": [], "methods": [], "calls": [], "search-terms": ["models", "django", "api", "models.py"], "state": 2, "file_id": 15, "knowledge_revision": 20, "git_revision": "e700fdef33445c38da4296e3381d3551adf67dfe", "ctags": [], "hash": "8c4eb991c6dca757bdd77f539092e29b", "format-version": 4, "code-base-name": "django_backend", "filename": "django_backend/api/models.py", "revision_history": [{"20": "e700fdef33445c38da4296e3381d3551adf67dfe"}]}