{"is_source_file": true, "format": "Python", "description": "This is a URL configuration module for a Django project. It defines URL patterns routing to admin, API, and API documentation views, including Swagger and Redoc schemas, with dynamic generation of Swagger UI using a custom view.", "external_files": ["django.contrib.admin", "django.urls", "rest_framework.permissions", "drf_yasg.views", "drf_yasg.openapi", "django.views.decorators.csrf", "api.urls"], "external_methods": ["django.contrib.admin.site.urls", "django.urls.path", "django.urls.include", "django.urls.re_path", "permissions.AllowAny", "get_schema_view", "openapi.Info", "get_full_url", "get_schema_view"], "published": ["urlpatterns", "schema_view", "dynamic_schema_view"], "classes": [], "methods": [{"name": "get_full_url(request)", "description": "Constructs the full URL of the request, including scheme, host, and forwarded port if present.", "scope": "", "scopeKind": ""}, {"name": "dynamic_schema_view(request, *args, **kwargs)", "description": "Generates the API documentation schema view dynamically with the request URL and renders the Swagger UI.", "scope": "", "scopeKind": ""}], "calls": ["django.contrib.admin.site.urls", "django.urls.path", "django.urls.include", "django.urls.re_path", "get_schema_view", "get_schema_view", "openapi.Info", "get_full_url", "get_schema_view", "view.with_ui", "view.without_ui"], "search-terms": ["django URL patterns", "schema view", "Swagger UI setup", "OpenAPI documentation", "dynamic schema view"], "state": 2, "file_id": 19, "knowledge_revision": 28, "git_revision": "e700fdef33445c38da4296e3381d3551adf67dfe", "ctags": [{"_type": "tag", "name": "dynamic_schema_view", "path": "/home/kavia/workspace/code-generation/smart-project-management-suite-66-75/django_backend/config/urls.py", "pattern": "/^def dynamic_schema_view(request, *args, **kwargs):$/", "language": "Python", "kind": "function", "signature": "(request, *args, **kwargs)"}, {"_type": "tag", "name": "get_full_url", "path": "/home/kavia/workspace/code-generation/smart-project-management-suite-66-75/django_backend/config/urls.py", "pattern": "/^def get_full_url(request):$/", "language": "Python", "kind": "function", "signature": "(request)"}, {"_type": "tag", "name": "schema_view", "path": "/home/kavia/workspace/code-generation/smart-project-management-suite-66-75/django_backend/config/urls.py", "pattern": "/^schema_view = get_schema_view($/", "language": "Python", "kind": "variable"}, {"_type": "tag", "name": "urlpatterns", "path": "/home/kavia/workspace/code-generation/smart-project-management-suite-66-75/django_backend/config/urls.py", "pattern": "/^urlpatterns = [$/", "language": "Python", "kind": "variable"}], "hash": "482cd4ea609c28e217819d5339030112", "format-version": 4, "code-base-name": "django_backend", "filename": "django_backend/config/urls.py", "fields": [{"name": "schema_view = get_schema_view(", "scope": "", "scopeKind": "", "description": "unavailable"}, {"name": "urlpatterns = [", "scope": "", "scopeKind": "", "description": "unavailable"}], "revision_history": [{"28": "e700fdef33445c38da4296e3381d3551adf67dfe"}]}