{"is_source_file": true, "format": "Python", "description": "This file is the ASGI configuration for a Django project, setting up the application callable for deployment.", "external_files": ["django.core.asgi"], "external_methods": ["django.core.asgi.get_asgi_application"], "published": ["application"], "classes": [], "methods": [], "calls": ["django.core.asgi.get_asgi_application"], "search-terms": ["ASGI", "Django", "application", "asgi.py"], "state": 2, "file_id": 18, "knowledge_revision": 24, "git_revision": "e700fdef33445c38da4296e3381d3551adf67dfe", "ctags": [{"_type": "tag", "name": "application", "path": "/home/kavia/workspace/code-generation/smart-project-management-suite-66-75/django_backend/config/asgi.py", "pattern": "/^application = get_asgi_application()$/", "language": "Python", "kind": "variable"}], "hash": "63d5777b090ac063ecd29c3dfa786ba5", "format-version": 4, "code-base-name": "django_backend", "filename": "django_backend/config/asgi.py", "fields": [{"name": "application = get_asgi_application()", "scope": "", "scopeKind": "", "description": "unavailable"}], "revision_history": [{"24": "e700fdef33445c38da4296e3381d3551adf67dfe"}]}