{"is_source_file": true, "format": "Python", "description": "A Django REST Framework view module defining an API endpoint for server health check.", "external_files": ["rest_framework.decorators", "rest_framework.response"], "external_methods": ["rest_framework.decorators.api_view", "rest_framework.response.Response"], "published": [], "classes": [], "methods": [{"name": "health(request)", "description": "Handles GET requests to check server status and returns a simple message.", "scope": "", "scopeKind": ""}], "calls": ["rest_framework.response.Response"], "search-terms": ["api_view", "health", "GET endpoint", "server status", "Django REST Framework", "views.py"], "state": 2, "file_id": 6, "knowledge_revision": 29, "git_revision": "e700fdef33445c38da4296e3381d3551adf67dfe", "ctags": [{"_type": "tag", "name": "health", "path": "/home/kavia/workspace/code-generation/smart-project-management-suite-66-75/django_backend/api/views.py", "pattern": "/^def health(request):$/", "language": "Python", "kind": "function", "signature": "(request)"}], "hash": "e3ccd8059b968c2eaeb07756801c967e", "format-version": 4, "code-base-name": "django_backend", "filename": "django_backend/api/views.py", "revision_history": [{"29": "e700fdef33445c38da4296e3381d3551adf67dfe"}]}