{"is_source_file": true, "format": "Python", "description": "This file defines URL patterns for the Django backend API, mapping a URL path to a view function.", "external_files": ["django.urls", ".views"], "external_methods": ["django.urls.path", "views.health"], "published": [], "classes": [], "methods": [{"name": "health", "description": "A view function imported from views module, corresponding to the 'health/' URL endpoint."}], "calls": ["django.urls.path", "views.health"], "search-terms": ["urls.py", "Django URL pattern", "health endpoint", "django.urls", "views"], "state": 2, "file_id": 13, "knowledge_revision": 21, "git_revision": "e700fdef33445c38da4296e3381d3551adf67dfe", "ctags": [{"_type": "tag", "name": "urlpatterns", "path": "/home/kavia/workspace/code-generation/smart-project-management-suite-66-75/django_backend/api/urls.py", "pattern": "/^urlpatterns = [$/", "language": "Python", "kind": "variable"}], "hash": "b0c92d4c1f622aa361c1fb5a0594d5d6", "format-version": 4, "code-base-name": "django_backend", "filename": "django_backend/api/urls.py", "fields": [{"name": "urlpatterns = [", "scope": "", "scopeKind": "", "description": "unavailable"}], "revision_history": [{"21": "e700fdef33445c38da4296e3381d3551adf67dfe"}]}