{"is_source_file": true, "file_id": 5, "git_revision": "", "state": 1, "description": "", "external_files": [], "external_methods": [], "published": [], "classes": [], "methods": [], "calls": [], "search-terms": [], "ctags": [{"_type": "tag", "name": "ApiConfig", "path": "/home/kavia/workspace/code-generation/smart-project-management-suite-66-75/django_backend/api/apps.py", "pattern": "/^class ApiConfig(AppConfig):$/", "language": "Python", "kind": "class"}, {"_type": "tag", "name": "default_auto_field", "path": "/home/kavia/workspace/code-generation/smart-project-management-suite-66-75/django_backend/api/apps.py", "pattern": "/^    default_auto_field = 'django.db.models.BigAutoField'$/", "language": "Python", "kind": "variable", "scope": "ApiConfig", "scopeKind": "class"}, {"_type": "tag", "name": "name", "path": "/home/kavia/workspace/code-generation/smart-project-management-suite-66-75/django_backend/api/apps.py", "pattern": "/^    name = 'api'$/", "language": "Python", "kind": "variable", "scope": "ApiConfig", "scopeKind": "class"}], "format": "Python", "hash": "bab3d631f5f5469f51f393529afba367", "format-version": 4, "code-base-name": "django_backend", "filename": "django_backend/api/apps.py", "knowledge_revision": 4}