{"is_source_file": true, "format": "Python", "description": "Django WSGI configuration file for deploying the Django project. It sets up the WSGI application callable for the server to use.", "external_files": ["django.core.wsgi"], "external_methods": ["django.core.wsgi.get_wsgi_application"], "published": ["application"], "classes": [], "methods": [{"name": "get_wsgi_application", "description": "Returns WSGI application callable for serving the Django project."}], "calls": ["django.core.wsgi.get_wsgi_application"], "search-terms": ["WSGI", "Django", "application", "wsgi.py", "deployment"], "state": 2, "file_id": 16, "knowledge_revision": 25, "git_revision": "e700fdef33445c38da4296e3381d3551adf67dfe", "ctags": [{"_type": "tag", "name": "application", "path": "/home/kavia/workspace/code-generation/smart-project-management-suite-66-75/django_backend/config/wsgi.py", "pattern": "/^application = get_wsgi_application()$/", "language": "Python", "kind": "variable"}], "hash": "412e3606d946f0fb4dbc98443c4cf8bb", "format-version": 4, "code-base-name": "django_backend", "filename": "django_backend/config/wsgi.py", "fields": [{"name": "application = get_wsgi_application()", "scope": "", "scopeKind": "", "description": "unavailable"}], "revision_history": [{"25": "e700fdef33445c38da4296e3381d3551adf67dfe"}]}