{"is_source_file": true, "format": "Python", "description": "This file is a Django management utility script (manage.py) used to execute administrative tasks within a Django project.", "external_files": ["django.core.management", "config.settings"], "external_methods": ["django.core.management.execute_from_command_line"], "published": ["main"], "classes": [], "methods": [{"name": "main()", "description": "Sets the environment variable for settings and runs Django's command-line utility.", "scope": "", "scopeKind": ""}], "calls": ["os.environ.setdefault", "django.core.management.execute_from_command_line", "sys.argv"], "search-terms": ["manage.py", "Django", "administrative tasks", "execute_from_command_line", "virtual environment"], "state": 2, "file_id": 21, "knowledge_revision": 26, "git_revision": "e700fdef33445c38da4296e3381d3551adf67dfe", "ctags": [{"_type": "tag", "name": "main", "path": "/home/kavia/workspace/code-generation/smart-project-management-suite-66-75/django_backend/manage.py", "pattern": "/^def main():$/", "language": "Python", "kind": "function", "signature": "()"}], "hash": "09ce28f22db4398409f377833475117f", "format-version": 4, "code-base-name": "django_backend", "filename": "django_backend/manage.py", "revision_history": [{"26": "e700fdef33445c38da4296e3381d3551adf67dfe"}]}