{"is_source_file": true, "file_id": 2, "git_revision": "", "state": 1, "description": "", "external_files": [], "external_methods": [], "published": [], "classes": [], "methods": [], "calls": [], "search-terms": [], "ctags": [{"_type": "tag", "name": "Command", "path": "/home/kavia/workspace/code-generation/smart-project-management-suite-66-75/django_backend/api/management/commands/generate_openapi.py", "pattern": "/^class Command(BaseCommand):$/", "language": "Python", "kind": "class"}, {"_type": "tag", "name": "handle", "path": "/home/kavia/workspace/code-generation/smart-project-management-suite-66-75/django_backend/api/management/commands/generate_openapi.py", "pattern": "/^    def handle(self, *args, **options):$/", "language": "Python", "kind": "member", "signature": "(self, *args, **options)", "scope": "Command", "scopeKind": "class"}], "format": "Python", "hash": "ecbef1ab975654f383ec74e3c38d3bd0", "format-version": 4, "code-base-name": "django_backend", "filename": "django_backend/api/management/commands/generate_openapi.py", "knowledge_revision": 5}